{
  "mcnemar": {
    "statistic": 1380.4503722084366,
    "p_value": 3.720711794202491e-302,
    "significant": true,
    "n_paired": 4270,
    "contingency_table": [
      [
        1112,
        2123
      ],
      [
        295,
        740
      ]
    ]
  },
  "sensitivity_ratio": {
    "point_estimate": 2.464010981455505,
    "ci_95_low": 2.1996721377958037,
    "ci_95_high": 2.412254247572815
  },
  "wilson_cis": {
    "family_a": {
      "rate": 0.745345257293652,
      "low": 0.7348701450468114,
      "high": 0.7555441774242557
    },
    "family_b": {
      "rate": 0.1380785686503306,
      "low": 0.12891910711590615,
      "high": 0.14777839128448278
    },
    "family_c": {
      "rate": 0.3024926686217009,
      "low": 0.2917048198561634,
      "high": 0.3135028895759397
    }
  }
}